<?xml version="1.0" encoding="UTF-8"?>

<!DOCTYPE mapper
	PUBLIC "-//mybatis.org//DTD Mapper 3.0//EN" 
		   "http://mybatis.org/dtd/mybatis-3-mapper.dtd">

<!-- namespace : 패키지.클래스 -->
<mapper namespace="com.springexample.demoweb.mapper.MemberMapper">
	
	<insert id="insertMember" parameterType="Member">
	INSERT INTO member (memberid, passwd, email)
	VALUES (#{ memberId }, #{ passwd }, #{ email })
	</insert>
	
	<select id="selectMemberByIdAndPasswd" parameterType="hashmap" 
										   resultType="Member">
	SELECT memberid, email, usertype, regdate, active
	FROM member
	WHERE memberId = #{ memberId } AND passwd = #{ passwd }
	</select>
	
	<select id="selectMemberById" parameterType="string" 
								  resultType="Member">
	SELECT memberid, email, usertype, regdate, active
	FROM member
	WHERE memberId = #{ memberId }
	</select>
	
	<select id="selectMemberId" parameterType="string" 
								resultType="string">
	SELECT memberid
	FROM member
	WHERE memberId LIKE #{ memberId }
	</select>
	
</mapper>